,1,2,3,4,5,6,7,8,9,10,11,12,13,14,15,16,17,18,19,20,21,22,23,24,25,26,27,28,29,30,31,32,33,34,35,36,37,38,39,40,41,42,43,44,45,46,47,48,49,50
1,베놈 2: 렛 데어 비 카니지,007 노 타임 투 다이,보이스,기적,모가디슈,듄,그래비티,용과 주근깨 공주,노회찬6411,샹치와 텐 링즈의 전설,고양이를 부탁해,스틸워터,라스트 듀얼: 최후의 결투,쁘띠 마망,인질,극장판 짱구는 못말려: 격돌! 낙서왕국과 얼추 네 명의 용사들,최선의 삶,플라이 투 더 스카이,십개월의 미래,코다,프리 가이,졸트,푸른 호수,피어썸,화이트데이: 부서진 결계,"극장판 포켓몬스터: 정글의 아이, 코코",이터널스,아임 유어 맨,캔디맨,브라더,매직 스쿨: 초보마법사 아우라의 대모험,세일러복과 기관총,실: 인연의 시작,요시찰,올드,타다: 대한민국 스타트업의 초상,F20,킬링 오브 투 러버스,밥정,강릉,색다른 그녀,싱크홀,다함께 여름!,경고,스파이더맨: 노 웨이 홈,귀멸의 칼날: 남매의 연,그린 나이트,서유기: 재세요왕,007 스펙터,베놈
2,베놈 2: 렛 데어 비 카니지,007 노 타임 투 다이,보이스,기적,모가디슈,듄,그래비티,용과 주근깨 공주,노회찬6411,샹치와 텐 링즈의 전설,고양이를 부탁해,스틸워터,라스트 듀얼: 최후의 결투,쁘띠 마망,인질,극장판 짱구는 못말려: 격돌! 낙서왕국과 얼추 네 명의 용사들,최선의 삶,플라이 투 더 스카이,십개월의 미래,코다,프리 가이,졸트,푸른 호수,피어썸,화이트데이: 부서진 결계,"극장판 포켓몬스터: 정글의 아이, 코코",이터널스,아임 유어 맨,캔디맨,브라더,매직 스쿨: 초보마법사 아우라의 대모험,세일러복과 기관총,실: 인연의 시작,요시찰,올드,타다: 대한민국 스타트업의 초상,F20,킬링 오브 투 러버스,밥정,강릉,색다른 그녀,싱크홀,다함께 여름!,경고,스파이더맨: 노 웨이 홈,귀멸의 칼날: 남매의 연,그린 나이트,서유기: 재세요왕,007 스펙터,베놈
3,베놈 2: 렛 데어 비 카니지,007 노 타임 투 다이,보이스,기적,모가디슈,듄,그래비티,용과 주근깨 공주,노회찬6411,샹치와 텐 링즈의 전설,고양이를 부탁해,스틸워터,라스트 듀얼: 최후의 결투,쁘띠 마망,인질,극장판 짱구는 못말려: 격돌! 낙서왕국과 얼추 네 명의 용사들,최선의 삶,플라이 투 더 스카이,십개월의 미래,코다,프리 가이,졸트,푸른 호수,피어썸,화이트데이: 부서진 결계,"극장판 포켓몬스터: 정글의 아이, 코코",이터널스,아임 유어 맨,캔디맨,브라더,매직 스쿨: 초보마법사 아우라의 대모험,세일러복과 기관총,실: 인연의 시작,요시찰,올드,타다: 대한민국 스타트업의 초상,F20,킬링 오브 투 러버스,밥정,강릉,색다른 그녀,싱크홀,다함께 여름!,경고,스파이더맨: 노 웨이 홈,귀멸의 칼날: 남매의 연,그린 나이트,서유기: 재세요왕,007 스펙터,베놈
4,베놈 2: 렛 데어 비 카니지,007 노 타임 투 다이,보이스,기적,모가디슈,듄,그래비티,용과 주근깨 공주,노회찬6411,샹치와 텐 링즈의 전설,고양이를 부탁해,스틸워터,라스트 듀얼: 최후의 결투,쁘띠 마망,인질,극장판 짱구는 못말려: 격돌! 낙서왕국과 얼추 네 명의 용사들,최선의 삶,플라이 투 더 스카이,십개월의 미래,코다,프리 가이,졸트,푸른 호수,피어썸,화이트데이: 부서진 결계,"극장판 포켓몬스터: 정글의 아이, 코코",이터널스,아임 유어 맨,캔디맨,브라더,매직 스쿨: 초보마법사 아우라의 대모험,세일러복과 기관총,실: 인연의 시작,요시찰,올드,타다: 대한민국 스타트업의 초상,F20,킬링 오브 투 러버스,밥정,강릉,색다른 그녀,싱크홀,다함께 여름!,경고,스파이더맨: 노 웨이 홈,귀멸의 칼날: 남매의 연,그린 나이트,서유기: 재세요왕,007 스펙터,베놈
5,베놈 2: 렛 데어 비 카니지,007 노 타임 투 다이,보이스,기적,모가디슈,듄,그래비티,용과 주근깨 공주,노회찬6411,샹치와 텐 링즈의 전설,고양이를 부탁해,스틸워터,라스트 듀얼: 최후의 결투,쁘띠 마망,인질,극장판 짱구는 못말려: 격돌! 낙서왕국과 얼추 네 명의 용사들,최선의 삶,플라이 투 더 스카이,십개월의 미래,코다,프리 가이,졸트,푸른 호수,피어썸,화이트데이: 부서진 결계,"극장판 포켓몬스터: 정글의 아이, 코코",이터널스,아임 유어 맨,캔디맨,브라더,매직 스쿨: 초보마법사 아우라의 대모험,세일러복과 기관총,실: 인연의 시작,요시찰,올드,타다: 대한민국 스타트업의 초상,F20,킬링 오브 투 러버스,밥정,강릉,색다른 그녀,싱크홀,다함께 여름!,경고,스파이더맨: 노 웨이 홈,귀멸의 칼날: 남매의 연,그린 나이트,서유기: 재세요왕,007 스펙터,베놈
6,베놈 2: 렛 데어 비 카니지,007 노 타임 투 다이,보이스,기적,모가디슈,듄,그래비티,용과 주근깨 공주,노회찬6411,샹치와 텐 링즈의 전설,고양이를 부탁해,스틸워터,라스트 듀얼: 최후의 결투,쁘띠 마망,인질,극장판 짱구는 못말려: 격돌! 낙서왕국과 얼추 네 명의 용사들,최선의 삶,플라이 투 더 스카이,십개월의 미래,코다,프리 가이,졸트,푸른 호수,피어썸,화이트데이: 부서진 결계,"극장판 포켓몬스터: 정글의 아이, 코코",이터널스,아임 유어 맨,캔디맨,브라더,매직 스쿨: 초보마법사 아우라의 대모험,세일러복과 기관총,실: 인연의 시작,요시찰,올드,타다: 대한민국 스타트업의 초상,F20,킬링 오브 투 러버스,밥정,강릉,색다른 그녀,싱크홀,다함께 여름!,경고,스파이더맨: 노 웨이 홈,귀멸의 칼날: 남매의 연,그린 나이트,서유기: 재세요왕,007 스펙터,베놈
7,베놈 2: 렛 데어 비 카니지,007 노 타임 투 다이,보이스,기적,모가디슈,듄,그래비티,용과 주근깨 공주,노회찬6411,샹치와 텐 링즈의 전설,고양이를 부탁해,스틸워터,라스트 듀얼: 최후의 결투,쁘띠 마망,인질,극장판 짱구는 못말려: 격돌! 낙서왕국과 얼추 네 명의 용사들,최선의 삶,플라이 투 더 스카이,십개월의 미래,코다,프리 가이,졸트,푸른 호수,피어썸,화이트데이: 부서진 결계,"극장판 포켓몬스터: 정글의 아이, 코코",이터널스,아임 유어 맨,캔디맨,브라더,매직 스쿨: 초보마법사 아우라의 대모험,세일러복과 기관총,실: 인연의 시작,요시찰,올드,타다: 대한민국 스타트업의 초상,F20,킬링 오브 투 러버스,밥정,강릉,색다른 그녀,싱크홀,다함께 여름!,경고,스파이더맨: 노 웨이 홈,귀멸의 칼날: 남매의 연,그린 나이트,서유기: 재세요왕,007 스펙터,베놈
8,베놈 2: 렛 데어 비 카니지,007 노 타임 투 다이,보이스,기적,모가디슈,듄,그래비티,용과 주근깨 공주,노회찬6411,샹치와 텐 링즈의 전설,고양이를 부탁해,스틸워터,라스트 듀얼: 최후의 결투,쁘띠 마망,인질,극장판 짱구는 못말려: 격돌! 낙서왕국과 얼추 네 명의 용사들,최선의 삶,플라이 투 더 스카이,십개월의 미래,코다,프리 가이,졸트,푸른 호수,피어썸,화이트데이: 부서진 결계,"극장판 포켓몬스터: 정글의 아이, 코코",이터널스,아임 유어 맨,캔디맨,브라더,매직 스쿨: 초보마법사 아우라의 대모험,세일러복과 기관총,실: 인연의 시작,요시찰,올드,타다: 대한민국 스타트업의 초상,F20,킬링 오브 투 러버스,밥정,강릉,색다른 그녀,싱크홀,다함께 여름!,경고,스파이더맨: 노 웨이 홈,귀멸의 칼날: 남매의 연,그린 나이트,서유기: 재세요왕,007 스펙터,베놈
9,베놈 2: 렛 데어 비 카니지,007 노 타임 투 다이,보이스,기적,모가디슈,듄,그래비티,용과 주근깨 공주,노회찬6411,샹치와 텐 링즈의 전설,고양이를 부탁해,스틸워터,라스트 듀얼: 최후의 결투,쁘띠 마망,인질,극장판 짱구는 못말려: 격돌! 낙서왕국과 얼추 네 명의 용사들,최선의 삶,플라이 투 더 스카이,십개월의 미래,코다,프리 가이,졸트,푸른 호수,피어썸,화이트데이: 부서진 결계,"극장판 포켓몬스터: 정글의 아이, 코코",이터널스,아임 유어 맨,캔디맨,브라더,매직 스쿨: 초보마법사 아우라의 대모험,세일러복과 기관총,실: 인연의 시작,요시찰,올드,타다: 대한민국 스타트업의 초상,F20,킬링 오브 투 러버스,밥정,강릉,색다른 그녀,싱크홀,다함께 여름!,경고,스파이더맨: 노 웨이 홈,귀멸의 칼날: 남매의 연,그린 나이트,서유기: 재세요왕,007 스펙터,베놈
10,베놈 2: 렛 데어 비 카니지,007 노 타임 투 다이,보이스,기적,모가디슈,듄,그래비티,용과 주근깨 공주,노회찬6411,샹치와 텐 링즈의 전설,고양이를 부탁해,스틸워터,라스트 듀얼: 최후의 결투,쁘띠 마망,인질,극장판 짱구는 못말려: 격돌! 낙서왕국과 얼추 네 명의 용사들,최선의 삶,플라이 투 더 스카이,십개월의 미래,코다,프리 가이,졸트,푸른 호수,피어썸,화이트데이: 부서진 결계,"극장판 포켓몬스터: 정글의 아이, 코코",이터널스,아임 유어 맨,캔디맨,브라더,매직 스쿨: 초보마법사 아우라의 대모험,세일러복과 기관총,실: 인연의 시작,요시찰,올드,타다: 대한민국 스타트업의 초상,F20,킬링 오브 투 러버스,밥정,강릉,색다른 그녀,싱크홀,다함께 여름!,경고,스파이더맨: 노 웨이 홈,귀멸의 칼날: 남매의 연,그린 나이트,서유기: 재세요왕,007 스펙터,베놈
11,베놈 2: 렛 데어 비 카니지,007 노 타임 투 다이,보이스,기적,모가디슈,듄,그래비티,용과 주근깨 공주,노회찬6411,샹치와 텐 링즈의 전설,고양이를 부탁해,스틸워터,라스트 듀얼: 최후의 결투,쁘띠 마망,인질,극장판 짱구는 못말려: 격돌! 낙서왕국과 얼추 네 명의 용사들,최선의 삶,플라이 투 더 스카이,십개월의 미래,코다,프리 가이,졸트,푸른 호수,피어썸,화이트데이: 부서진 결계,"극장판 포켓몬스터: 정글의 아이, 코코",이터널스,아임 유어 맨,캔디맨,브라더,매직 스쿨: 초보마법사 아우라의 대모험,세일러복과 기관총,실: 인연의 시작,요시찰,올드,타다: 대한민국 스타트업의 초상,F20,킬링 오브 투 러버스,밥정,강릉,색다른 그녀,싱크홀,다함께 여름!,경고,스파이더맨: 노 웨이 홈,귀멸의 칼날: 남매의 연,그린 나이트,서유기: 재세요왕,007 스펙터,베놈
12,베놈 2: 렛 데어 비 카니지,007 노 타임 투 다이,보이스,기적,모가디슈,듄,그래비티,용과 주근깨 공주,노회찬6411,샹치와 텐 링즈의 전설,고양이를 부탁해,스틸워터,라스트 듀얼: 최후의 결투,쁘띠 마망,인질,극장판 짱구는 못말려: 격돌! 낙서왕국과 얼추 네 명의 용사들,최선의 삶,플라이 투 더 스카이,십개월의 미래,코다,프리 가이,졸트,푸른 호수,피어썸,화이트데이: 부서진 결계,"극장판 포켓몬스터: 정글의 아이, 코코",이터널스,아임 유어 맨,캔디맨,브라더,매직 스쿨: 초보마법사 아우라의 대모험,세일러복과 기관총,실: 인연의 시작,요시찰,올드,타다: 대한민국 스타트업의 초상,F20,킬링 오브 투 러버스,밥정,강릉,색다른 그녀,싱크홀,다함께 여름!,경고,스파이더맨: 노 웨이 홈,귀멸의 칼날: 남매의 연,그린 나이트,서유기: 재세요왕,007 스펙터,베놈
13,베놈 2: 렛 데어 비 카니지,007 노 타임 투 다이,보이스,기적,모가디슈,듄,그래비티,용과 주근깨 공주,노회찬6411,샹치와 텐 링즈의 전설,고양이를 부탁해,스틸워터,라스트 듀얼: 최후의 결투,쁘띠 마망,인질,극장판 짱구는 못말려: 격돌! 낙서왕국과 얼추 네 명의 용사들,최선의 삶,플라이 투 더 스카이,십개월의 미래,코다,프리 가이,졸트,푸른 호수,피어썸,화이트데이: 부서진 결계,"극장판 포켓몬스터: 정글의 아이, 코코",이터널스,아임 유어 맨,캔디맨,브라더,매직 스쿨: 초보마법사 아우라의 대모험,세일러복과 기관총,실: 인연의 시작,요시찰,올드,타다: 대한민국 스타트업의 초상,F20,킬링 오브 투 러버스,밥정,강릉,색다른 그녀,싱크홀,다함께 여름!,경고,스파이더맨: 노 웨이 홈,귀멸의 칼날: 남매의 연,그린 나이트,서유기: 재세요왕,007 스펙터,베놈
14,베놈 2: 렛 데어 비 카니지,007 노 타임 투 다이,보이스,기적,모가디슈,듄,그래비티,용과 주근깨 공주,노회찬6411,샹치와 텐 링즈의 전설,고양이를 부탁해,스틸워터,라스트 듀얼: 최후의 결투,쁘띠 마망,인질,극장판 짱구는 못말려: 격돌! 낙서왕국과 얼추 네 명의 용사들,최선의 삶,플라이 투 더 스카이,십개월의 미래,코다,프리 가이,졸트,푸른 호수,피어썸,화이트데이: 부서진 결계,"극장판 포켓몬스터: 정글의 아이, 코코",이터널스,아임 유어 맨,캔디맨,브라더,매직 스쿨: 초보마법사 아우라의 대모험,세일러복과 기관총,실: 인연의 시작,요시찰,올드,타다: 대한민국 스타트업의 초상,F20,킬링 오브 투 러버스,밥정,강릉,색다른 그녀,싱크홀,다함께 여름!,경고,스파이더맨: 노 웨이 홈,귀멸의 칼날: 남매의 연,그린 나이트,서유기: 재세요왕,007 스펙터,베놈
15,베놈 2: 렛 데어 비 카니지,007 노 타임 투 다이,보이스,기적,모가디슈,듄,그래비티,용과 주근깨 공주,노회찬6411,샹치와 텐 링즈의 전설,고양이를 부탁해,스틸워터,라스트 듀얼: 최후의 결투,쁘띠 마망,인질,극장판 짱구는 못말려: 격돌! 낙서왕국과 얼추 네 명의 용사들,최선의 삶,플라이 투 더 스카이,십개월의 미래,코다,프리 가이,졸트,푸른 호수,피어썸,화이트데이: 부서진 결계,"극장판 포켓몬스터: 정글의 아이, 코코",이터널스,아임 유어 맨,캔디맨,브라더,매직 스쿨: 초보마법사 아우라의 대모험,세일러복과 기관총,실: 인연의 시작,요시찰,올드,타다: 대한민국 스타트업의 초상,F20,킬링 오브 투 러버스,밥정,강릉,색다른 그녀,싱크홀,다함께 여름!,경고,스파이더맨: 노 웨이 홈,귀멸의 칼날: 남매의 연,그린 나이트,서유기: 재세요왕,007 스펙터,베놈
16,베놈 2: 렛 데어 비 카니지,007 노 타임 투 다이,보이스,기적,모가디슈,듄,그래비티,용과 주근깨 공주,노회찬6411,샹치와 텐 링즈의 전설,고양이를 부탁해,스틸워터,라스트 듀얼: 최후의 결투,쁘띠 마망,인질,극장판 짱구는 못말려: 격돌! 낙서왕국과 얼추 네 명의 용사들,최선의 삶,플라이 투 더 스카이,십개월의 미래,코다,프리 가이,졸트,푸른 호수,피어썸,화이트데이: 부서진 결계,"극장판 포켓몬스터: 정글의 아이, 코코",이터널스,아임 유어 맨,캔디맨,브라더,매직 스쿨: 초보마법사 아우라의 대모험,세일러복과 기관총,실: 인연의 시작,요시찰,올드,타다: 대한민국 스타트업의 초상,F20,킬링 오브 투 러버스,밥정,강릉,색다른 그녀,싱크홀,다함께 여름!,경고,스파이더맨: 노 웨이 홈,귀멸의 칼날: 남매의 연,그린 나이트,서유기: 재세요왕,007 스펙터,베놈
17,베놈 2: 렛 데어 비 카니지,007 노 타임 투 다이,보이스,기적,모가디슈,듄,그래비티,용과 주근깨 공주,노회찬6411,샹치와 텐 링즈의 전설,고양이를 부탁해,스틸워터,라스트 듀얼: 최후의 결투,쁘띠 마망,인질,극장판 짱구는 못말려: 격돌! 낙서왕국과 얼추 네 명의 용사들,최선의 삶,플라이 투 더 스카이,십개월의 미래,코다,프리 가이,졸트,푸른 호수,피어썸,화이트데이: 부서진 결계,"극장판 포켓몬스터: 정글의 아이, 코코",이터널스,아임 유어 맨,캔디맨,브라더,매직 스쿨: 초보마법사 아우라의 대모험,세일러복과 기관총,실: 인연의 시작,요시찰,올드,타다: 대한민국 스타트업의 초상,F20,킬링 오브 투 러버스,밥정,강릉,색다른 그녀,싱크홀,다함께 여름!,경고,스파이더맨: 노 웨이 홈,귀멸의 칼날: 남매의 연,그린 나이트,서유기: 재세요왕,007 스펙터,베놈
18,베놈 2: 렛 데어 비 카니지,007 노 타임 투 다이,보이스,기적,모가디슈,듄,그래비티,용과 주근깨 공주,노회찬6411,샹치와 텐 링즈의 전설,고양이를 부탁해,스틸워터,라스트 듀얼: 최후의 결투,쁘띠 마망,인질,극장판 짱구는 못말려: 격돌! 낙서왕국과 얼추 네 명의 용사들,최선의 삶,플라이 투 더 스카이,십개월의 미래,코다,프리 가이,졸트,푸른 호수,피어썸,화이트데이: 부서진 결계,"극장판 포켓몬스터: 정글의 아이, 코코",이터널스,아임 유어 맨,캔디맨,브라더,매직 스쿨: 초보마법사 아우라의 대모험,세일러복과 기관총,실: 인연의 시작,요시찰,올드,타다: 대한민국 스타트업의 초상,F20,킬링 오브 투 러버스,밥정,강릉,색다른 그녀,싱크홀,다함께 여름!,경고,스파이더맨: 노 웨이 홈,귀멸의 칼날: 남매의 연,그린 나이트,서유기: 재세요왕,007 스펙터,베놈
19,베놈 2: 렛 데어 비 카니지,007 노 타임 투 다이,보이스,기적,모가디슈,듄,그래비티,용과 주근깨 공주,노회찬6411,샹치와 텐 링즈의 전설,고양이를 부탁해,스틸워터,라스트 듀얼: 최후의 결투,쁘띠 마망,인질,극장판 짱구는 못말려: 격돌! 낙서왕국과 얼추 네 명의 용사들,최선의 삶,플라이 투 더 스카이,십개월의 미래,코다,프리 가이,졸트,푸른 호수,피어썸,화이트데이: 부서진 결계,"극장판 포켓몬스터: 정글의 아이, 코코",이터널스,아임 유어 맨,캔디맨,브라더,매직 스쿨: 초보마법사 아우라의 대모험,세일러복과 기관총,실: 인연의 시작,요시찰,올드,타다: 대한민국 스타트업의 초상,F20,킬링 오브 투 러버스,밥정,강릉,색다른 그녀,싱크홀,다함께 여름!,경고,스파이더맨: 노 웨이 홈,귀멸의 칼날: 남매의 연,그린 나이트,서유기: 재세요왕,007 스펙터,베놈
20,베놈 2: 렛 데어 비 카니지,007 노 타임 투 다이,보이스,기적,모가디슈,듄,그래비티,용과 주근깨 공주,노회찬6411,샹치와 텐 링즈의 전설,고양이를 부탁해,스틸워터,라스트 듀얼: 최후의 결투,쁘띠 마망,인질,극장판 짱구는 못말려: 격돌! 낙서왕국과 얼추 네 명의 용사들,최선의 삶,플라이 투 더 스카이,십개월의 미래,코다,프리 가이,졸트,푸른 호수,피어썸,화이트데이: 부서진 결계,"극장판 포켓몬스터: 정글의 아이, 코코",이터널스,아임 유어 맨,캔디맨,브라더,매직 스쿨: 초보마법사 아우라의 대모험,세일러복과 기관총,실: 인연의 시작,요시찰,올드,타다: 대한민국 스타트업의 초상,F20,킬링 오브 투 러버스,밥정,강릉,색다른 그녀,싱크홀,다함께 여름!,경고,스파이더맨: 노 웨이 홈,귀멸의 칼날: 남매의 연,그린 나이트,서유기: 재세요왕,007 스펙터,베놈
21,베놈 2: 렛 데어 비 카니지,007 노 타임 투 다이,보이스,기적,모가디슈,듄,그래비티,용과 주근깨 공주,노회찬6411,샹치와 텐 링즈의 전설,고양이를 부탁해,스틸워터,라스트 듀얼: 최후의 결투,쁘띠 마망,인질,극장판 짱구는 못말려: 격돌! 낙서왕국과 얼추 네 명의 용사들,최선의 삶,플라이 투 더 스카이,십개월의 미래,코다,프리 가이,졸트,푸른 호수,피어썸,화이트데이: 부서진 결계,"극장판 포켓몬스터: 정글의 아이, 코코",이터널스,아임 유어 맨,캔디맨,브라더,매직 스쿨: 초보마법사 아우라의 대모험,세일러복과 기관총,실: 인연의 시작,요시찰,올드,타다: 대한민국 스타트업의 초상,F20,킬링 오브 투 러버스,밥정,강릉,색다른 그녀,싱크홀,다함께 여름!,경고,스파이더맨: 노 웨이 홈,귀멸의 칼날: 남매의 연,그린 나이트,서유기: 재세요왕,007 스펙터,베놈
22,베놈 2: 렛 데어 비 카니지,007 노 타임 투 다이,보이스,기적,모가디슈,듄,그래비티,용과 주근깨 공주,노회찬6411,샹치와 텐 링즈의 전설,고양이를 부탁해,스틸워터,라스트 듀얼: 최후의 결투,쁘띠 마망,인질,극장판 짱구는 못말려: 격돌! 낙서왕국과 얼추 네 명의 용사들,최선의 삶,플라이 투 더 스카이,십개월의 미래,코다,프리 가이,졸트,푸른 호수,피어썸,화이트데이: 부서진 결계,"극장판 포켓몬스터: 정글의 아이, 코코",이터널스,아임 유어 맨,캔디맨,브라더,매직 스쿨: 초보마법사 아우라의 대모험,세일러복과 기관총,실: 인연의 시작,요시찰,올드,타다: 대한민국 스타트업의 초상,F20,킬링 오브 투 러버스,밥정,강릉,색다른 그녀,싱크홀,다함께 여름!,경고,스파이더맨: 노 웨이 홈,귀멸의 칼날: 남매의 연,그린 나이트,서유기: 재세요왕,007 스펙터,베놈
23,베놈 2: 렛 데어 비 카니지,007 노 타임 투 다이,보이스,기적,모가디슈,듄,그래비티,용과 주근깨 공주,노회찬6411,샹치와 텐 링즈의 전설,고양이를 부탁해,스틸워터,라스트 듀얼: 최후의 결투,쁘띠 마망,인질,극장판 짱구는 못말려: 격돌! 낙서왕국과 얼추 네 명의 용사들,최선의 삶,플라이 투 더 스카이,십개월의 미래,코다,프리 가이,졸트,푸른 호수,피어썸,화이트데이: 부서진 결계,"극장판 포켓몬스터: 정글의 아이, 코코",이터널스,아임 유어 맨,캔디맨,브라더,매직 스쿨: 초보마법사 아우라의 대모험,세일러복과 기관총,실: 인연의 시작,요시찰,올드,타다: 대한민국 스타트업의 초상,F20,킬링 오브 투 러버스,밥정,강릉,색다른 그녀,싱크홀,다함께 여름!,경고,스파이더맨: 노 웨이 홈,귀멸의 칼날: 남매의 연,그린 나이트,서유기: 재세요왕,007 스펙터,베놈
24,베놈 2: 렛 데어 비 카니지,007 노 타임 투 다이,보이스,기적,모가디슈,듄,그래비티,용과 주근깨 공주,노회찬6411,샹치와 텐 링즈의 전설,고양이를 부탁해,스틸워터,라스트 듀얼: 최후의 결투,쁘띠 마망,인질,극장판 짱구는 못말려: 격돌! 낙서왕국과 얼추 네 명의 용사들,최선의 삶,플라이 투 더 스카이,십개월의 미래,코다,프리 가이,졸트,푸른 호수,피어썸,화이트데이: 부서진 결계,"극장판 포켓몬스터: 정글의 아이, 코코",이터널스,아임 유어 맨,캔디맨,브라더,매직 스쿨: 초보마법사 아우라의 대모험,세일러복과 기관총,실: 인연의 시작,요시찰,올드,타다: 대한민국 스타트업의 초상,F20,킬링 오브 투 러버스,밥정,강릉,색다른 그녀,싱크홀,다함께 여름!,경고,스파이더맨: 노 웨이 홈,귀멸의 칼날: 남매의 연,그린 나이트,서유기: 재세요왕,007 스펙터,베놈
25,베놈 2: 렛 데어 비 카니지,007 노 타임 투 다이,보이스,기적,모가디슈,듄,그래비티,용과 주근깨 공주,노회찬6411,샹치와 텐 링즈의 전설,고양이를 부탁해,스틸워터,라스트 듀얼: 최후의 결투,쁘띠 마망,인질,극장판 짱구는 못말려: 격돌! 낙서왕국과 얼추 네 명의 용사들,최선의 삶,플라이 투 더 스카이,십개월의 미래,코다,프리 가이,졸트,푸른 호수,피어썸,화이트데이: 부서진 결계,"극장판 포켓몬스터: 정글의 아이, 코코",이터널스,아임 유어 맨,캔디맨,브라더,매직 스쿨: 초보마법사 아우라의 대모험,세일러복과 기관총,실: 인연의 시작,요시찰,올드,타다: 대한민국 스타트업의 초상,F20,킬링 오브 투 러버스,밥정,강릉,색다른 그녀,싱크홀,다함께 여름!,경고,스파이더맨: 노 웨이 홈,귀멸의 칼날: 남매의 연,그린 나이트,서유기: 재세요왕,007 스펙터,베놈
26,베놈 2: 렛 데어 비 카니지,007 노 타임 투 다이,보이스,기적,모가디슈,듄,그래비티,용과 주근깨 공주,노회찬6411,샹치와 텐 링즈의 전설,고양이를 부탁해,스틸워터,라스트 듀얼: 최후의 결투,쁘띠 마망,인질,극장판 짱구는 못말려: 격돌! 낙서왕국과 얼추 네 명의 용사들,최선의 삶,플라이 투 더 스카이,십개월의 미래,코다,프리 가이,졸트,푸른 호수,피어썸,화이트데이: 부서진 결계,"극장판 포켓몬스터: 정글의 아이, 코코",이터널스,아임 유어 맨,캔디맨,브라더,매직 스쿨: 초보마법사 아우라의 대모험,세일러복과 기관총,실: 인연의 시작,요시찰,올드,타다: 대한민국 스타트업의 초상,F20,킬링 오브 투 러버스,밥정,강릉,색다른 그녀,싱크홀,다함께 여름!,경고,스파이더맨: 노 웨이 홈,귀멸의 칼날: 남매의 연,그린 나이트,서유기: 재세요왕,007 스펙터,베놈
27,베놈 2: 렛 데어 비 카니지,007 노 타임 투 다이,보이스,기적,모가디슈,듄,그래비티,용과 주근깨 공주,노회찬6411,샹치와 텐 링즈의 전설,고양이를 부탁해,스틸워터,라스트 듀얼: 최후의 결투,쁘띠 마망,인질,극장판 짱구는 못말려: 격돌! 낙서왕국과 얼추 네 명의 용사들,최선의 삶,플라이 투 더 스카이,십개월의 미래,코다,프리 가이,졸트,푸른 호수,피어썸,화이트데이: 부서진 결계,"극장판 포켓몬스터: 정글의 아이, 코코",이터널스,아임 유어 맨,캔디맨,브라더,매직 스쿨: 초보마법사 아우라의 대모험,세일러복과 기관총,실: 인연의 시작,요시찰,올드,타다: 대한민국 스타트업의 초상,F20,킬링 오브 투 러버스,밥정,강릉,색다른 그녀,싱크홀,다함께 여름!,경고,스파이더맨: 노 웨이 홈,귀멸의 칼날: 남매의 연,그린 나이트,서유기: 재세요왕,007 스펙터,베놈
28,베놈 2: 렛 데어 비 카니지,007 노 타임 투 다이,보이스,기적,모가디슈,듄,그래비티,용과 주근깨 공주,노회찬6411,샹치와 텐 링즈의 전설,고양이를 부탁해,스틸워터,라스트 듀얼: 최후의 결투,쁘띠 마망,인질,극장판 짱구는 못말려: 격돌! 낙서왕국과 얼추 네 명의 용사들,최선의 삶,플라이 투 더 스카이,십개월의 미래,코다,프리 가이,졸트,푸른 호수,피어썸,화이트데이: 부서진 결계,"극장판 포켓몬스터: 정글의 아이, 코코",이터널스,아임 유어 맨,캔디맨,브라더,매직 스쿨: 초보마법사 아우라의 대모험,세일러복과 기관총,실: 인연의 시작,요시찰,올드,타다: 대한민국 스타트업의 초상,F20,킬링 오브 투 러버스,밥정,강릉,색다른 그녀,싱크홀,다함께 여름!,경고,스파이더맨: 노 웨이 홈,귀멸의 칼날: 남매의 연,그린 나이트,서유기: 재세요왕,007 스펙터,베놈
29,베놈 2: 렛 데어 비 카니지,007 노 타임 투 다이,보이스,기적,모가디슈,듄,그래비티,용과 주근깨 공주,노회찬6411,샹치와 텐 링즈의 전설,고양이를 부탁해,스틸워터,라스트 듀얼: 최후의 결투,쁘띠 마망,인질,극장판 짱구는 못말려: 격돌! 낙서왕국과 얼추 네 명의 용사들,최선의 삶,플라이 투 더 스카이,십개월의 미래,코다,프리 가이,졸트,푸른 호수,피어썸,화이트데이: 부서진 결계,"극장판 포켓몬스터: 정글의 아이, 코코",이터널스,아임 유어 맨,캔디맨,브라더,매직 스쿨: 초보마법사 아우라의 대모험,세일러복과 기관총,실: 인연의 시작,요시찰,올드,타다: 대한민국 스타트업의 초상,F20,킬링 오브 투 러버스,밥정,강릉,색다른 그녀,싱크홀,다함께 여름!,경고,스파이더맨: 노 웨이 홈,귀멸의 칼날: 남매의 연,그린 나이트,서유기: 재세요왕,007 스펙터,베놈
30,베놈 2: 렛 데어 비 카니지,007 노 타임 투 다이,보이스,기적,모가디슈,듄,그래비티,용과 주근깨 공주,노회찬6411,샹치와 텐 링즈의 전설,고양이를 부탁해,스틸워터,라스트 듀얼: 최후의 결투,쁘띠 마망,인질,극장판 짱구는 못말려: 격돌! 낙서왕국과 얼추 네 명의 용사들,최선의 삶,플라이 투 더 스카이,십개월의 미래,코다,프리 가이,졸트,푸른 호수,피어썸,화이트데이: 부서진 결계,"극장판 포켓몬스터: 정글의 아이, 코코",이터널스,아임 유어 맨,캔디맨,브라더,매직 스쿨: 초보마법사 아우라의 대모험,세일러복과 기관총,실: 인연의 시작,요시찰,올드,타다: 대한민국 스타트업의 초상,F20,킬링 오브 투 러버스,밥정,강릉,색다른 그녀,싱크홀,다함께 여름!,경고,스파이더맨: 노 웨이 홈,귀멸의 칼날: 남매의 연,그린 나이트,서유기: 재세요왕,007 스펙터,베놈
31,베놈 2: 렛 데어 비 카니지,007 노 타임 투 다이,보이스,기적,모가디슈,듄,그래비티,용과 주근깨 공주,노회찬6411,샹치와 텐 링즈의 전설,고양이를 부탁해,스틸워터,라스트 듀얼: 최후의 결투,쁘띠 마망,인질,극장판 짱구는 못말려: 격돌! 낙서왕국과 얼추 네 명의 용사들,최선의 삶,플라이 투 더 스카이,십개월의 미래,코다,프리 가이,졸트,푸른 호수,피어썸,화이트데이: 부서진 결계,"극장판 포켓몬스터: 정글의 아이, 코코",이터널스,아임 유어 맨,캔디맨,브라더,매직 스쿨: 초보마법사 아우라의 대모험,세일러복과 기관총,실: 인연의 시작,요시찰,올드,타다: 대한민국 스타트업의 초상,F20,킬링 오브 투 러버스,밥정,강릉,색다른 그녀,싱크홀,다함께 여름!,경고,스파이더맨: 노 웨이 홈,귀멸의 칼날: 남매의 연,그린 나이트,서유기: 재세요왕,007 스펙터,베놈
32,베놈 2: 렛 데어 비 카니지,007 노 타임 투 다이,보이스,기적,모가디슈,듄,그래비티,용과 주근깨 공주,노회찬6411,샹치와 텐 링즈의 전설,고양이를 부탁해,스틸워터,라스트 듀얼: 최후의 결투,쁘띠 마망,인질,극장판 짱구는 못말려: 격돌! 낙서왕국과 얼추 네 명의 용사들,최선의 삶,플라이 투 더 스카이,십개월의 미래,코다,프리 가이,졸트,푸른 호수,피어썸,화이트데이: 부서진 결계,"극장판 포켓몬스터: 정글의 아이, 코코",이터널스,아임 유어 맨,캔디맨,브라더,매직 스쿨: 초보마법사 아우라의 대모험,세일러복과 기관총,실: 인연의 시작,요시찰,올드,타다: 대한민국 스타트업의 초상,F20,킬링 오브 투 러버스,밥정,강릉,색다른 그녀,싱크홀,다함께 여름!,경고,스파이더맨: 노 웨이 홈,귀멸의 칼날: 남매의 연,그린 나이트,서유기: 재세요왕,007 스펙터,베놈
33,베놈 2: 렛 데어 비 카니지,007 노 타임 투 다이,보이스,기적,모가디슈,듄,그래비티,용과 주근깨 공주,노회찬6411,샹치와 텐 링즈의 전설,고양이를 부탁해,스틸워터,라스트 듀얼: 최후의 결투,쁘띠 마망,인질,극장판 짱구는 못말려: 격돌! 낙서왕국과 얼추 네 명의 용사들,최선의 삶,플라이 투 더 스카이,십개월의 미래,코다,프리 가이,졸트,푸른 호수,피어썸,화이트데이: 부서진 결계,"극장판 포켓몬스터: 정글의 아이, 코코",이터널스,아임 유어 맨,캔디맨,브라더,매직 스쿨: 초보마법사 아우라의 대모험,세일러복과 기관총,실: 인연의 시작,요시찰,올드,타다: 대한민국 스타트업의 초상,F20,킬링 오브 투 러버스,밥정,강릉,색다른 그녀,싱크홀,다함께 여름!,경고,스파이더맨: 노 웨이 홈,귀멸의 칼날: 남매의 연,그린 나이트,서유기: 재세요왕,007 스펙터,베놈
34,베놈 2: 렛 데어 비 카니지,007 노 타임 투 다이,보이스,기적,모가디슈,듄,그래비티,용과 주근깨 공주,노회찬6411,샹치와 텐 링즈의 전설,고양이를 부탁해,스틸워터,라스트 듀얼: 최후의 결투,쁘띠 마망,인질,극장판 짱구는 못말려: 격돌! 낙서왕국과 얼추 네 명의 용사들,최선의 삶,플라이 투 더 스카이,십개월의 미래,코다,프리 가이,졸트,푸른 호수,피어썸,화이트데이: 부서진 결계,"극장판 포켓몬스터: 정글의 아이, 코코",이터널스,아임 유어 맨,캔디맨,브라더,매직 스쿨: 초보마법사 아우라의 대모험,세일러복과 기관총,실: 인연의 시작,요시찰,올드,타다: 대한민국 스타트업의 초상,F20,킬링 오브 투 러버스,밥정,강릉,색다른 그녀,싱크홀,다함께 여름!,경고,스파이더맨: 노 웨이 홈,귀멸의 칼날: 남매의 연,그린 나이트,서유기: 재세요왕,007 스펙터,베놈
35,베놈 2: 렛 데어 비 카니지,007 노 타임 투 다이,보이스,기적,모가디슈,듄,그래비티,용과 주근깨 공주,노회찬6411,샹치와 텐 링즈의 전설,고양이를 부탁해,스틸워터,라스트 듀얼: 최후의 결투,쁘띠 마망,인질,극장판 짱구는 못말려: 격돌! 낙서왕국과 얼추 네 명의 용사들,최선의 삶,플라이 투 더 스카이,십개월의 미래,코다,프리 가이,졸트,푸른 호수,피어썸,화이트데이: 부서진 결계,"극장판 포켓몬스터: 정글의 아이, 코코",이터널스,아임 유어 맨,캔디맨,브라더,매직 스쿨: 초보마법사 아우라의 대모험,세일러복과 기관총,실: 인연의 시작,요시찰,올드,타다: 대한민국 스타트업의 초상,F20,킬링 오브 투 러버스,밥정,강릉,색다른 그녀,싱크홀,다함께 여름!,경고,스파이더맨: 노 웨이 홈,귀멸의 칼날: 남매의 연,그린 나이트,서유기: 재세요왕,007 스펙터,베놈
36,베놈 2: 렛 데어 비 카니지,007 노 타임 투 다이,보이스,기적,모가디슈,듄,그래비티,용과 주근깨 공주,노회찬6411,샹치와 텐 링즈의 전설,고양이를 부탁해,스틸워터,라스트 듀얼: 최후의 결투,쁘띠 마망,인질,극장판 짱구는 못말려: 격돌! 낙서왕국과 얼추 네 명의 용사들,최선의 삶,플라이 투 더 스카이,십개월의 미래,코다,프리 가이,졸트,푸른 호수,피어썸,화이트데이: 부서진 결계,"극장판 포켓몬스터: 정글의 아이, 코코",이터널스,아임 유어 맨,캔디맨,브라더,매직 스쿨: 초보마법사 아우라의 대모험,세일러복과 기관총,실: 인연의 시작,요시찰,올드,타다: 대한민국 스타트업의 초상,F20,킬링 오브 투 러버스,밥정,강릉,색다른 그녀,싱크홀,다함께 여름!,경고,스파이더맨: 노 웨이 홈,귀멸의 칼날: 남매의 연,그린 나이트,서유기: 재세요왕,007 스펙터,베놈
37,베놈 2: 렛 데어 비 카니지,007 노 타임 투 다이,보이스,기적,모가디슈,듄,그래비티,용과 주근깨 공주,노회찬6411,샹치와 텐 링즈의 전설,고양이를 부탁해,스틸워터,라스트 듀얼: 최후의 결투,쁘띠 마망,인질,극장판 짱구는 못말려: 격돌! 낙서왕국과 얼추 네 명의 용사들,최선의 삶,플라이 투 더 스카이,십개월의 미래,코다,프리 가이,졸트,푸른 호수,피어썸,화이트데이: 부서진 결계,"극장판 포켓몬스터: 정글의 아이, 코코",이터널스,아임 유어 맨,캔디맨,브라더,매직 스쿨: 초보마법사 아우라의 대모험,세일러복과 기관총,실: 인연의 시작,요시찰,올드,타다: 대한민국 스타트업의 초상,F20,킬링 오브 투 러버스,밥정,강릉,색다른 그녀,싱크홀,다함께 여름!,경고,스파이더맨: 노 웨이 홈,귀멸의 칼날: 남매의 연,그린 나이트,서유기: 재세요왕,007 스펙터,베놈
38,베놈 2: 렛 데어 비 카니지,007 노 타임 투 다이,보이스,기적,모가디슈,듄,그래비티,용과 주근깨 공주,노회찬6411,샹치와 텐 링즈의 전설,고양이를 부탁해,스틸워터,라스트 듀얼: 최후의 결투,쁘띠 마망,인질,극장판 짱구는 못말려: 격돌! 낙서왕국과 얼추 네 명의 용사들,최선의 삶,플라이 투 더 스카이,십개월의 미래,코다,프리 가이,졸트,푸른 호수,피어썸,화이트데이: 부서진 결계,"극장판 포켓몬스터: 정글의 아이, 코코",이터널스,아임 유어 맨,캔디맨,브라더,매직 스쿨: 초보마법사 아우라의 대모험,세일러복과 기관총,실: 인연의 시작,요시찰,올드,타다: 대한민국 스타트업의 초상,F20,킬링 오브 투 러버스,밥정,강릉,색다른 그녀,싱크홀,다함께 여름!,경고,스파이더맨: 노 웨이 홈,귀멸의 칼날: 남매의 연,그린 나이트,서유기: 재세요왕,007 스펙터,베놈
39,베놈 2: 렛 데어 비 카니지,007 노 타임 투 다이,보이스,기적,모가디슈,듄,그래비티,용과 주근깨 공주,노회찬6411,샹치와 텐 링즈의 전설,고양이를 부탁해,스틸워터,라스트 듀얼: 최후의 결투,쁘띠 마망,인질,극장판 짱구는 못말려: 격돌! 낙서왕국과 얼추 네 명의 용사들,최선의 삶,플라이 투 더 스카이,십개월의 미래,코다,프리 가이,졸트,푸른 호수,피어썸,화이트데이: 부서진 결계,"극장판 포켓몬스터: 정글의 아이, 코코",이터널스,아임 유어 맨,캔디맨,브라더,매직 스쿨: 초보마법사 아우라의 대모험,세일러복과 기관총,실: 인연의 시작,요시찰,올드,타다: 대한민국 스타트업의 초상,F20,킬링 오브 투 러버스,밥정,강릉,색다른 그녀,싱크홀,다함께 여름!,경고,스파이더맨: 노 웨이 홈,귀멸의 칼날: 남매의 연,그린 나이트,서유기: 재세요왕,007 스펙터,베놈
40,베놈 2: 렛 데어 비 카니지,007 노 타임 투 다이,보이스,기적,모가디슈,듄,그래비티,용과 주근깨 공주,노회찬6411,샹치와 텐 링즈의 전설,고양이를 부탁해,스틸워터,라스트 듀얼: 최후의 결투,쁘띠 마망,인질,극장판 짱구는 못말려: 격돌! 낙서왕국과 얼추 네 명의 용사들,최선의 삶,플라이 투 더 스카이,십개월의 미래,코다,프리 가이,졸트,푸른 호수,피어썸,화이트데이: 부서진 결계,"극장판 포켓몬스터: 정글의 아이, 코코",이터널스,아임 유어 맨,캔디맨,브라더,매직 스쿨: 초보마법사 아우라의 대모험,세일러복과 기관총,실: 인연의 시작,요시찰,올드,타다: 대한민국 스타트업의 초상,F20,킬링 오브 투 러버스,밥정,강릉,색다른 그녀,싱크홀,다함께 여름!,경고,스파이더맨: 노 웨이 홈,귀멸의 칼날: 남매의 연,그린 나이트,서유기: 재세요왕,007 스펙터,베놈
41,베놈 2: 렛 데어 비 카니지,007 노 타임 투 다이,보이스,기적,모가디슈,듄,그래비티,용과 주근깨 공주,노회찬6411,샹치와 텐 링즈의 전설,고양이를 부탁해,스틸워터,라스트 듀얼: 최후의 결투,쁘띠 마망,인질,극장판 짱구는 못말려: 격돌! 낙서왕국과 얼추 네 명의 용사들,최선의 삶,플라이 투 더 스카이,십개월의 미래,코다,프리 가이,졸트,푸른 호수,피어썸,화이트데이: 부서진 결계,"극장판 포켓몬스터: 정글의 아이, 코코",이터널스,아임 유어 맨,캔디맨,브라더,매직 스쿨: 초보마법사 아우라의 대모험,세일러복과 기관총,실: 인연의 시작,요시찰,올드,타다: 대한민국 스타트업의 초상,F20,킬링 오브 투 러버스,밥정,강릉,색다른 그녀,싱크홀,다함께 여름!,경고,스파이더맨: 노 웨이 홈,귀멸의 칼날: 남매의 연,그린 나이트,서유기: 재세요왕,007 스펙터,베놈
42,베놈 2: 렛 데어 비 카니지,007 노 타임 투 다이,보이스,기적,모가디슈,듄,그래비티,용과 주근깨 공주,노회찬6411,샹치와 텐 링즈의 전설,고양이를 부탁해,스틸워터,라스트 듀얼: 최후의 결투,쁘띠 마망,인질,극장판 짱구는 못말려: 격돌! 낙서왕국과 얼추 네 명의 용사들,최선의 삶,플라이 투 더 스카이,십개월의 미래,코다,프리 가이,졸트,푸른 호수,피어썸,화이트데이: 부서진 결계,"극장판 포켓몬스터: 정글의 아이, 코코",이터널스,아임 유어 맨,캔디맨,브라더,매직 스쿨: 초보마법사 아우라의 대모험,세일러복과 기관총,실: 인연의 시작,요시찰,올드,타다: 대한민국 스타트업의 초상,F20,킬링 오브 투 러버스,밥정,강릉,색다른 그녀,싱크홀,다함께 여름!,경고,스파이더맨: 노 웨이 홈,귀멸의 칼날: 남매의 연,그린 나이트,서유기: 재세요왕,007 스펙터,베놈
43,베놈 2: 렛 데어 비 카니지,007 노 타임 투 다이,보이스,기적,모가디슈,듄,그래비티,용과 주근깨 공주,노회찬6411,샹치와 텐 링즈의 전설,고양이를 부탁해,스틸워터,라스트 듀얼: 최후의 결투,쁘띠 마망,인질,극장판 짱구는 못말려: 격돌! 낙서왕국과 얼추 네 명의 용사들,최선의 삶,플라이 투 더 스카이,십개월의 미래,코다,프리 가이,졸트,푸른 호수,피어썸,화이트데이: 부서진 결계,"극장판 포켓몬스터: 정글의 아이, 코코",이터널스,아임 유어 맨,캔디맨,브라더,매직 스쿨: 초보마법사 아우라의 대모험,세일러복과 기관총,실: 인연의 시작,요시찰,올드,타다: 대한민국 스타트업의 초상,F20,킬링 오브 투 러버스,밥정,강릉,색다른 그녀,싱크홀,다함께 여름!,경고,스파이더맨: 노 웨이 홈,귀멸의 칼날: 남매의 연,그린 나이트,서유기: 재세요왕,007 스펙터,베놈
44,베놈 2: 렛 데어 비 카니지,007 노 타임 투 다이,보이스,기적,모가디슈,듄,그래비티,용과 주근깨 공주,노회찬6411,샹치와 텐 링즈의 전설,고양이를 부탁해,스틸워터,라스트 듀얼: 최후의 결투,쁘띠 마망,인질,극장판 짱구는 못말려: 격돌! 낙서왕국과 얼추 네 명의 용사들,최선의 삶,플라이 투 더 스카이,십개월의 미래,코다,프리 가이,졸트,푸른 호수,피어썸,화이트데이: 부서진 결계,"극장판 포켓몬스터: 정글의 아이, 코코",이터널스,아임 유어 맨,캔디맨,브라더,매직 스쿨: 초보마법사 아우라의 대모험,세일러복과 기관총,실: 인연의 시작,요시찰,올드,타다: 대한민국 스타트업의 초상,F20,킬링 오브 투 러버스,밥정,강릉,색다른 그녀,싱크홀,다함께 여름!,경고,스파이더맨: 노 웨이 홈,귀멸의 칼날: 남매의 연,그린 나이트,서유기: 재세요왕,007 스펙터,베놈
45,베놈 2: 렛 데어 비 카니지,007 노 타임 투 다이,보이스,기적,모가디슈,듄,그래비티,용과 주근깨 공주,노회찬6411,샹치와 텐 링즈의 전설,고양이를 부탁해,스틸워터,라스트 듀얼: 최후의 결투,쁘띠 마망,인질,극장판 짱구는 못말려: 격돌! 낙서왕국과 얼추 네 명의 용사들,최선의 삶,플라이 투 더 스카이,십개월의 미래,코다,프리 가이,졸트,푸른 호수,피어썸,화이트데이: 부서진 결계,"극장판 포켓몬스터: 정글의 아이, 코코",이터널스,아임 유어 맨,캔디맨,브라더,매직 스쿨: 초보마법사 아우라의 대모험,세일러복과 기관총,실: 인연의 시작,요시찰,올드,타다: 대한민국 스타트업의 초상,F20,킬링 오브 투 러버스,밥정,강릉,색다른 그녀,싱크홀,다함께 여름!,경고,스파이더맨: 노 웨이 홈,귀멸의 칼날: 남매의 연,그린 나이트,서유기: 재세요왕,007 스펙터,베놈
46,베놈 2: 렛 데어 비 카니지,007 노 타임 투 다이,보이스,기적,모가디슈,듄,그래비티,용과 주근깨 공주,노회찬6411,샹치와 텐 링즈의 전설,고양이를 부탁해,스틸워터,라스트 듀얼: 최후의 결투,쁘띠 마망,인질,극장판 짱구는 못말려: 격돌! 낙서왕국과 얼추 네 명의 용사들,최선의 삶,플라이 투 더 스카이,십개월의 미래,코다,프리 가이,졸트,푸른 호수,피어썸,화이트데이: 부서진 결계,"극장판 포켓몬스터: 정글의 아이, 코코",이터널스,아임 유어 맨,캔디맨,브라더,매직 스쿨: 초보마법사 아우라의 대모험,세일러복과 기관총,실: 인연의 시작,요시찰,올드,타다: 대한민국 스타트업의 초상,F20,킬링 오브 투 러버스,밥정,강릉,색다른 그녀,싱크홀,다함께 여름!,경고,스파이더맨: 노 웨이 홈,귀멸의 칼날: 남매의 연,그린 나이트,서유기: 재세요왕,007 스펙터,베놈
47,베놈 2: 렛 데어 비 카니지,007 노 타임 투 다이,보이스,기적,모가디슈,듄,그래비티,용과 주근깨 공주,노회찬6411,샹치와 텐 링즈의 전설,고양이를 부탁해,스틸워터,라스트 듀얼: 최후의 결투,쁘띠 마망,인질,극장판 짱구는 못말려: 격돌! 낙서왕국과 얼추 네 명의 용사들,최선의 삶,플라이 투 더 스카이,십개월의 미래,코다,프리 가이,졸트,푸른 호수,피어썸,화이트데이: 부서진 결계,"극장판 포켓몬스터: 정글의 아이, 코코",이터널스,아임 유어 맨,캔디맨,브라더,매직 스쿨: 초보마법사 아우라의 대모험,세일러복과 기관총,실: 인연의 시작,요시찰,올드,타다: 대한민국 스타트업의 초상,F20,킬링 오브 투 러버스,밥정,강릉,색다른 그녀,싱크홀,다함께 여름!,경고,스파이더맨: 노 웨이 홈,귀멸의 칼날: 남매의 연,그린 나이트,서유기: 재세요왕,007 스펙터,베놈
48,베놈 2: 렛 데어 비 카니지,007 노 타임 투 다이,보이스,기적,모가디슈,듄,그래비티,용과 주근깨 공주,노회찬6411,샹치와 텐 링즈의 전설,고양이를 부탁해,스틸워터,라스트 듀얼: 최후의 결투,쁘띠 마망,인질,극장판 짱구는 못말려: 격돌! 낙서왕국과 얼추 네 명의 용사들,최선의 삶,플라이 투 더 스카이,십개월의 미래,코다,프리 가이,졸트,푸른 호수,피어썸,화이트데이: 부서진 결계,"극장판 포켓몬스터: 정글의 아이, 코코",이터널스,아임 유어 맨,캔디맨,브라더,매직 스쿨: 초보마법사 아우라의 대모험,세일러복과 기관총,실: 인연의 시작,요시찰,올드,타다: 대한민국 스타트업의 초상,F20,킬링 오브 투 러버스,밥정,강릉,색다른 그녀,싱크홀,다함께 여름!,경고,스파이더맨: 노 웨이 홈,귀멸의 칼날: 남매의 연,그린 나이트,서유기: 재세요왕,007 스펙터,베놈
49,베놈 2: 렛 데어 비 카니지,007 노 타임 투 다이,보이스,기적,모가디슈,듄,그래비티,용과 주근깨 공주,노회찬6411,샹치와 텐 링즈의 전설,고양이를 부탁해,스틸워터,라스트 듀얼: 최후의 결투,쁘띠 마망,인질,극장판 짱구는 못말려: 격돌! 낙서왕국과 얼추 네 명의 용사들,최선의 삶,플라이 투 더 스카이,십개월의 미래,코다,프리 가이,졸트,푸른 호수,피어썸,화이트데이: 부서진 결계,"극장판 포켓몬스터: 정글의 아이, 코코",이터널스,아임 유어 맨,캔디맨,브라더,매직 스쿨: 초보마법사 아우라의 대모험,세일러복과 기관총,실: 인연의 시작,요시찰,올드,타다: 대한민국 스타트업의 초상,F20,킬링 오브 투 러버스,밥정,강릉,색다른 그녀,싱크홀,다함께 여름!,경고,스파이더맨: 노 웨이 홈,귀멸의 칼날: 남매의 연,그린 나이트,서유기: 재세요왕,007 스펙터,베놈
50,베놈 2: 렛 데어 비 카니지,007 노 타임 투 다이,보이스,기적,모가디슈,듄,그래비티,용과 주근깨 공주,노회찬6411,샹치와 텐 링즈의 전설,고양이를 부탁해,스틸워터,라스트 듀얼: 최후의 결투,쁘띠 마망,인질,극장판 짱구는 못말려: 격돌! 낙서왕국과 얼추 네 명의 용사들,최선의 삶,플라이 투 더 스카이,십개월의 미래,코다,프리 가이,졸트,푸른 호수,피어썸,화이트데이: 부서진 결계,"극장판 포켓몬스터: 정글의 아이, 코코",이터널스,아임 유어 맨,캔디맨,브라더,매직 스쿨: 초보마법사 아우라의 대모험,세일러복과 기관총,실: 인연의 시작,요시찰,올드,타다: 대한민국 스타트업의 초상,F20,킬링 오브 투 러버스,밥정,강릉,색다른 그녀,싱크홀,다함께 여름!,경고,스파이더맨: 노 웨이 홈,귀멸의 칼날: 남매의 연,그린 나이트,서유기: 재세요왕,007 스펙터,베놈
